"p_val","avg_log2FC","pct.1","pct.2","p_val_adj","gene"
0,-14.7802688143016,0,0.644,0,"HAMP"
0,-13.8533162643234,0,0.601,0,"PLA2G2A"
0,-11.3414359132949,0.001,0.666,0,"FCN3"
0,-10.2510848808772,0.064,0.911,0,"SPINK1"
1.85141416444598e-145,-9.84842029846768,0,0.261,3.83261246181962e-141,"PEG10"
0,-9.63676196022614,0.023,0.828,0,"SLPI"
1.60923902901274e-266,-9.56414303905399,0.001,0.479,3.33128571395927e-262,"IGLC3"
2.6748308054197e-296,-9.3139107875922,0.002,0.537,5.53716725029932e-292,"IGHG1"
1.83115348353319e-270,-9.05988976792468,0.003,0.497,3.79067082626207e-266,"IGHA1"
0,-8.9718285023945,0.005,0.595,0,"VNN1"
0,-8.92204786424948,0.009,0.647,0,"SLC22A1"
0,-8.86976133027173,0.007,0.727,0,"IGHG3"
1.03150668400559e-253,-8.6712163482418,0.003,0.469,2.13532198655998e-249,"IGHG4"
0,-8.61244010074966,0.022,0.773,0,"GPC3"
5.23974073954647e-143,-8.27412962685242,0.003,0.279,1.08467873049352e-138,"AVPR1A"
4.74525460719031e-141,-8.08835141923192,0.002,0.27,9.82315156234466e-137,"CLEC4G"
1.48606982181129e-181,-8.04989483346666,0.002,0.337,3.07631313813154e-177,"ASPG"
4.84109150551545e-152,-8.00040316658237,0.004,0.304,1.00215435255675e-147,"MUC13"
0,-7.80724747529888,0.023,0.724,0,"SERPINA7"
8.00198755208152e-198,-7.63735847139118,0.004,0.383,1.6564914431564e-193,"ANXA10"
4.29320609177374e-142,-7.58729058369961,0.006,0.298,8.88736593058082e-138,"CRHBP"
5.93541729867088e-239,-7.49058366587516,0.007,0.472,1.22869073499786e-234,"IGLC2"
6.62795903422425e-137,-7.40524877143158,0.005,0.285,1.37205379967476e-132,"SGCE"
1.28493265019919e-286,-7.30611053199597,0.018,0.61,2.65993907917734e-282,"LCAT"
1.60915964532987e-237,-7.29508045242945,0.036,0.607,3.33112138179737e-233,"CYP3A7"
1.89789953434228e-295,-7.13076258052082,0.077,0.822,3.92884182604196e-291,"TDO2"
9.84011632843707e-119,-7.06670300847747,0.025,0.35,2.03700248114976e-114,"S100P"
4.88747679546394e-221,-6.98266307283653,0.015,0.491,1.01175657142899e-216,"HAL"
7.84835977795702e-103,-6.53297450713297,0.011,0.255,1.62468895763488e-98,"UGT2A3"
2.57820457934456e-142,-6.48203073591132,0.012,0.334,5.33714129970116e-138,"GPR88"
6.82208893558099e-150,-6.44375840553484,0.047,0.485,1.41224063055462e-145,"CCL25"
1.11904549414888e-146,-6.38820548114948,0.073,0.549,2.31653607743759e-142,"NPW"
2.79647608827875e-132,-6.30093444840108,0.013,0.322,5.78898515034583e-128,"GHR"
3.44884972528782e-84,-6.29967280301314,0.095,0.46,7.13946381631831e-80,"CXCL8"
2.33832839776483e-195,-6.22956829881845,0.018,0.46,4.84057361621298e-191,"HAO2"
3.70253700992378e-128,-6.13417928665615,0.011,0.307,7.66462186424321e-124,"B3GNT5"
3.07072866232461e-155,-6.0530490318174,0.027,0.429,6.35671540387817e-151,"HPGD"
4.55137853484274e-221,-5.86648254513768,0.031,0.564,9.42180870497795e-217,"IGF1"
1.34830298514828e-78,-5.79834799820444,0.033,0.298,2.79112200955546e-74,"CRP"
5.7189855954751e-154,-5.64477877095266,0.024,0.414,1.1838872081193e-149,"EMP1"
2.07642190123593e-123,-5.60146404851441,0.019,0.334,4.29840097774849e-119,"CCL2"
3.18977083564743e-96,-5.48700203422131,0.12,0.534,6.60314460687375e-92,"CCL20"
1.02289649875203e-55,-5.45502821259071,0.048,0.285,2.11749804206658e-51,"CRIP1"
8.4362620668668e-113,-5.39584133917751,0.044,0.402,1.7463906104621e-108,"PPP1R1A"
1.5585255415082e-160,-5.28028962437691,0.104,0.641,3.22630372347612e-156,"GNMT"
3.02296711087882e-107,-5.19269148542326,0.177,0.632,6.25784421623024e-103,"FOSB"
7.62383589875882e-177,-5.15413444320743,0.134,0.724,1.57821026940206e-172,"PGLYRP2"
4.27784095828424e-30,-5.12313650369626,0.099,0.301,8.85555856774421e-26,"CXCL10"
2.21831449519833e-67,-5.07328666870729,0.053,0.322,4.59213283651006e-63,"SLC25A47"
4.34063918413306e-182,-5.0717480549023,0.108,0.69,8.98555717507386e-178,"SLC9A3R2"
2.62570273384662e-105,-5.04533990172984,0.046,0.396,5.43546722933589e-101,"KLF4"
1.88363493772679e-177,-5.04061833411192,0.151,0.752,3.89931268458823e-173,"CYP2C8"
3.20192926937642e-153,-4.94430181878999,0.468,0.908,6.62831378053612e-149,"IFI27"
6.68033983905787e-112,-4.8182280813328,0.162,0.623,1.38289715008337e-107,"SLC22A7"
5.81379617101894e-149,-4.80973805214531,0.126,0.656,1.20351394536263e-144,"CDKN1A"
1.89257614619329e-73,-4.80672747133253,0.044,0.316,3.91782188023473e-69,"CAV2"
1.47731681167444e-74,-4.7678018912804,0.082,0.408,3.05819353184726e-70,"DNASE1L3"
8.61466746560784e-88,-4.74016920982424,0.055,0.38,1.78332231205548e-83,"GNLY"
5.8181936954847e-100,-4.72162364516825,0.057,0.411,1.20442427690229e-95,"NAT8"
1.94133652514179e-58,-4.70264493078655,0.047,0.288,4.01876074069601e-54,"KLF2"
1.0767046408679e-73,-4.66217689125382,0.068,0.374,2.22888627706064e-69,"HOOK3"
7.54777270459924e-78,-4.63767669151573,0.048,0.337,1.56246442757909e-73,"C15orf48"
1.31320339422296e-38,-4.62556018877354,0.136,0.38,2.71846234638096e-34,"CYR61"
3.42784139089562e-86,-4.58739234236751,0.023,0.279,7.09597446329302e-82,"GLS"
7.94799610865897e-127,-4.57885956091277,0.108,0.58,1.64531467445349e-122,"APOF"
2.74167763890494e-159,-4.57622235404835,0.15,0.715,5.67554688029712e-155,"SERPINA11"
4.02976908275301e-103,-4.47841391269786,0.408,0.801,8.34202497820701e-99,"G0S2"
5.09947390808852e-87,-4.45464681198795,0.064,0.402,1.05564209371341e-82,"HSD11B1"
4.59449626317836e-59,-4.41088572259048,0.055,0.31,9.51106671440552e-55,"SERPINE1"
7.46339890039698e-158,-4.40954469607495,0.716,0.957,1.54499820637118e-153,"C3"
5.08343800400265e-86,-4.39906941242633,0.043,0.344,1.05232250120859e-81,"DPYD"
3.3195325563278e-120,-4.37629491047752,0.13,0.601,6.87176434485419e-116,"ANPEP"
9.96361954833903e-104,-4.36890907434149,0.134,0.571,2.06256888270166e-99,"AFM"
7.27869274166845e-151,-4.30582173679759,0.568,0.936,1.50676218445279e-146,"FOS"
3.19305579459049e-81,-4.29410662012655,0.029,0.291,6.60994480038176e-77,"SKAP2"
9.46719838491238e-113,-4.27927791724427,0.145,0.604,1.95980473766071e-108,"TMEM220"
3.56203010384308e-43,-4.26880984557431,0.072,0.298,7.37375851796556e-39,"AREG"
2.97595996252855e-55,-4.2643962933594,0.047,0.279,6.16053471843036e-51,"PELI1"
5.99430929262305e-115,-4.24819691606127,0.368,0.804,1.2408819666659e-110,"EGR1"
1.69533292284827e-58,-4.24160609909338,0.035,0.258,3.5095086835882e-54,"PLGLB2"
1.21132667108806e-138,-4.20608701998622,0.301,0.81,2.5075673418194e-134,"RNASE4"
3.70843624790077e-150,-4.19417091795127,0.308,0.834,7.67683387677939e-146,"PON1"
1.14569698798742e-66,-4.1330147387296,0.068,0.362,2.37170733483276e-62,"SOCS3"
2.59115689405389e-57,-4.12761365330481,0.057,0.31,5.36395388638096e-53,"SERPINB9"
2.29308389712372e-145,-4.12606395521573,0.197,0.752,4.74691297543581e-141,"NR0B2"
1.07196419969248e-90,-4.0921456490782,0.156,0.567,2.21907308978339e-86,"SERPINA3"
1.47877442314799e-44,-4.09153050513919,0.091,0.337,3.06121093335866e-40,"KDM6B"
6.95834055358208e-78,-4.07919777932848,0.104,0.454,1.44044607799703e-73,"ZBTB16"
4.82314503513517e-75,-4.05941320017591,0.035,0.298,9.98439253723332e-71,"EGFL7"
2.67306971799357e-61,-4.05109524209923,0.099,0.408,5.53352162321849e-57,"C8orf4"
2.96210611917359e-82,-4.04716712097106,0.124,0.5,6.13185587730125e-78,"DPP7"
2.15332960240271e-99,-4.04473732787061,0.205,0.653,4.45760760993384e-95,"ANXA1"
1.54993499297214e-64,-4.04159016304792,0.059,0.331,3.20852042895162e-60,"IL1RAP"
5.17099573157809e-52,-4.03995346049606,0.081,0.34,1.07044782639398e-47,"MXD1"
1.71880786042231e-139,-4.02602309354127,0.5,0.883,3.55810415186021e-135,"C4BPA"
2.04317345576082e-49,-4.00530944135505,0.08,0.334,4.22957337077048e-45,"GZMB"
8.02528767743234e-155,-4.00082457676246,0.656,0.942,1.66131480210527e-150,"AGXT"
2.21976278240038e-38,-3.9498593980624,0.06,0.261,4.59513093584702e-34,"RASGEF1B"
1.23029814998706e-54,-3.88927332958808,0.115,0.411,2.5468402002882e-50,"RGCC"
1.02792386318355e-71,-3.88512132117696,0.395,0.709,2.12790518917627e-67,"LRG1"
7.74669712376346e-62,-3.84677371858223,0.114,0.423,1.60364377159027e-57,"CYP4A22"
2.72079008760375e-100,-3.8266621188988,0.196,0.635,5.63230756034851e-96,"CIDEB"
2.84993958358425e-13,-3.82418254294022,0.235,0.365,5.89965993197776e-09,"CTGF"
4.14988910633357e-51,-3.75132998623685,0.185,0.482,8.59068543902111e-47,"LGALS3"
5.46938757971261e-141,-3.74705641716048,0.672,0.933,1.13221792287631e-136,"ANG"
9.69716090430631e-56,-3.72015408091055,0.172,0.485,2.00740927880045e-51,"ANGPTL8"
4.95965493646192e-55,-3.70270961644805,0.102,0.39,1.02669816839698e-50,"SRI"
1.08375335631343e-70,-3.69364139271334,0.138,0.491,2.24347782290444e-66,"ANXA5"
1.06790892920442e-45,-3.66614235889493,0.084,0.328,2.21067827434608e-41,"SLC2A3"
3.78225898788981e-45,-3.66584054247237,0.096,0.35,7.8296543308307e-41,"NR4A2"
1.49245413856539e-30,-3.6620598653906,0.129,0.344,3.08952931224421e-26,"IL7R"
6.90623476620641e-113,-3.6524793708998,0.741,0.914,1.42965965895239e-108,"FABP1"
2.26771574731064e-69,-3.65081380589574,0.143,0.491,4.69439836850776e-65,"NR4A1"
3.00059384096844e-120,-3.62936546803104,0.551,0.868,6.21152931018876e-116,"TXNIP"
2.35253435052953e-58,-3.6274024754156,0.141,0.454,4.86998135903118e-54,"FNDC4"
6.06682318440187e-33,-3.61529425447954,0.076,0.27,1.25589306740303e-28,"PCOLCE"
5.56362507144027e-114,-3.60757743382794,0.324,0.773,1.15172602603885e-109,"IGKC"
3.30876897118687e-79,-3.59947371148672,0.225,0.607,6.84948264725395e-75,"CYP4A11"
4.00330263692495e-63,-3.598246672367,0.12,0.442,8.28723678869834e-59,"HSD17B2"
6.74634664184159e-87,-3.59325290430224,0.306,0.693,1.39656121832763e-82,"C5"
1.12312285403858e-94,-3.58947281444448,0.264,0.684,2.32497662014527e-90,"SLC38A4"
1.23937042740992e-63,-3.58147633689395,0.103,0.417,2.56562072178128e-59,"GLYATL1"
1.09582085309958e-52,-3.57236933523063,0.242,0.537,2.26845874800145e-48,"FAM46A"
6.76519266216153e-37,-3.56590790456433,0.115,0.35,1.40046253299406e-32,"MAFB"
1.64247950951334e-32,-3.5611335836925,0.066,0.252,3.40009683264357e-28,"PDE4B"
8.99118268380487e-48,-3.5334898971074,0.116,0.39,1.86126472737445e-43,"FGF21"
3.03514457961653e-38,-3.52244327741356,0.079,0.294,6.28305279426419e-34,"GPC6"
3.72592344128919e-81,-3.50435634974441,0.198,0.592,7.71303411581276e-77,"CXCL16"
1.58173478781328e-52,-3.49580191634948,0.094,0.368,3.27434918425228e-48,"PPP1R3B"
3.09073078003443e-114,-3.49301281672509,0.609,0.887,6.39812178774927e-110,"JUNB"
1.52002305179635e-117,-3.48864895364999,0.623,0.871,3.14659971952363e-113,"TM4SF5"
5.40855642419652e-130,-3.48843600990017,0.577,0.899,1.11962526537292e-125,"ZFP36"
1.28398203809049e-36,-3.44882565580002,0.066,0.267,2.65797121705113e-32,"HTRA1"
1.43059517128294e-135,-3.44462801611875,0.812,0.933,2.96147506407281e-131,"A1BG"
5.78918171182354e-32,-3.42365537448331,0.132,0.35,1.19841850616459e-27,"RAB11FIP1"
7.26756540498659e-83,-3.40629010168672,0.423,0.755,1.50445871448627e-78,"PDK4"
7.65338758929006e-22,-3.40577261081091,0.133,0.307,1.58432776485893e-17,"RASD1"
4.63516740069282e-38,-3.40529962568743,0.107,0.337,9.5952600361742e-34,"TMEM86B"
4.05235376195175e-39,-3.39679382713404,0.096,0.325,8.38877752261632e-35,"EGFR"
3.60408619490876e-97,-3.39280586690856,0.349,0.745,7.46081883208063e-93,"SERPINA5"
4.65238591241078e-48,-3.39186806027225,0.095,0.356,9.63090407728157e-44,"PLGLB1"
1.80391705250362e-41,-3.39150956129007,0.179,0.442,3.73428869038775e-37,"ARL5B"
9.10610086340326e-43,-3.38584417474112,0.265,0.549,1.88505393973311e-38,"SDS"
1.38622974913856e-38,-3.37070863377555,0.172,0.429,2.86963420369172e-34,"KLRB1"
1.32433375372334e-36,-3.36815783574842,0.084,0.298,2.74150330358269e-32,"AGPAT5"
1.69419557784838e-48,-3.36395128923051,0.11,0.38,3.50715426570393e-44,"LGR4"
9.43421437423988e-38,-3.33910832207655,0.106,0.337,1.9529767176114e-33,"RND3"
1.25895760321326e-54,-3.32846547706153,0.129,0.429,2.60616813441176e-50,"FURIN"
3.76325872293231e-46,-3.29954120098747,0.207,0.491,7.79032188234217e-42,"CFHR3"
1.90737838570691e-58,-3.29488571348735,0.196,0.521,3.94846399625188e-54,"ABHD3"
4.45420618052991e-25,-3.28506582201766,0.11,0.294,9.22065221431497e-21,"LINC00844"
6.81989076138267e-27,-3.27726522734015,0.141,0.34,1.41178558651383e-22,"NFKB1"
5.47705439603926e-63,-3.2737153349505,0.151,0.491,1.13380503052409e-58,"WBP5"
1.02289284650064e-21,-3.23569447432966,0.106,0.273,2.11749048154097e-17,"CLN8"
6.90266689817427e-32,-3.23450584706275,0.096,0.301,1.42892107459106e-27,"SHBG"
5.41134530672039e-103,-3.23353583349871,0.508,0.844,1.12020259194419e-98,"CXCR4"
2.08532792295973e-49,-3.22736626430102,0.146,0.436,4.31683733331893e-45,"KLKB1"
4.8349014743492e-64,-3.22260104613999,0.289,0.623,1.00087295420503e-59,"CREB3L3"
4.22275619055072e-50,-3.22236411639549,0.24,0.54,8.74152759005904e-46,"NKG7"
3.109664027346e-61,-3.18957080641327,0.217,0.555,6.43731550300896e-57,"TUBA4A"
4.28547947068434e-18,-3.18240375031183,0.103,0.252,8.87137105226365e-14,"STK17B"
3.06390197377997e-68,-3.1821658664943,0.288,0.644,6.34258347592192e-64,"RGS1"
1.11169571342044e-35,-3.18042075435934,0.229,0.472,2.30132129635166e-31,"REL"
2.02277836021595e-35,-3.16455024497047,0.339,0.561,4.18735348348303e-31,"CPS1"
1.15361462232605e-124,-3.15032910496944,0.652,0.902,2.38809762967716e-120,"CES2"
4.72521411678898e-47,-3.14595172054193,0.417,0.666,9.78166574316486e-43,"CXCL2"
5.1239126706404e-42,-3.14207794952503,0.227,0.491,1.06070116194927e-37,"PRG4"
4.96728615229149e-63,-3.13650264601001,0.351,0.653,1.02827790638586e-58,"FBP1"
9.26835957934354e-25,-3.1316086074831,0.114,0.301,1.91864311651991e-20,"SAMSN1"
8.43110012409791e-32,-3.12529791653904,0.129,0.347,1.74532203668951e-27,"CROT"
1.91207317073833e-25,-3.11648548429601,0.1,0.279,3.95818267074542e-21,"ARHGEF26"
1.45689736611089e-98,-3.10631825719622,0.567,0.822,3.01592323758616e-94,"ASGR2"
1.89139359832902e-34,-3.10172805602077,0.082,0.288,3.9153738879009e-30,"PALMD"
1.56916197219693e-31,-3.08813425401464,0.225,0.448,3.24832219864486e-27,"TSPAN13"
2.90888556998543e-49,-3.07277602560792,0.172,0.466,6.02168401842683e-45,"GLTPD2"
4.12075337046855e-26,-3.06118028654532,0.24,0.445,8.53037155220694e-22,"CCL5"
9.35202504738374e-31,-3.04991716933128,0.123,0.337,1.93596270505891e-26,"CPE"
2.00078934465548e-67,-3.0388595532834,0.249,0.61,4.1418340223713e-63,"RGS2"
2.44602278210101e-27,-3.02102257553205,0.082,0.261,5.06351176122729e-23,"LINC01116"
4.41142489701499e-10,-3.01374277356582,0.149,0.258,9.13209067931073e-06,"IL2RG"
1.79790728877448e-43,-3.00907843126389,0.227,0.5,3.72184787849205e-39,"DST"
9.64230853829867e-32,-3.00441761928546,0.104,0.313,1.99605429051321e-27,"SLC7A2"
1.55481368448862e-149,-3.0015128487257,1,1,3.2186198082599e-145,"ALB"
2.36752705437023e-08,-2.9806983392891,0.323,0.402,0.00049010177552518,"S100A6"
6.21204975818584e-26,-2.97688325317077,0.203,0.405,1.28595642044205e-21,"BTG2"
1.32870367146051e-127,-2.96505575235323,0.654,0.917,2.75054947029041e-123,"SRGN"
2.42399367920382e-30,-2.95979950497315,0.197,0.414,5.01790931531983e-26,"CDH1"
2.41186176773842e-31,-2.956052264407,0.093,0.294,4.99279504539531e-27,"VIL1"
1.93450915351586e-16,-2.95089511538494,0.122,0.27,4.00462739869319e-12,"PLAUR"
8.20288770316275e-26,-2.95033910566213,0.095,0.276,1.69807978343172e-21,"NHSL1"
8.15220464380472e-114,-2.9418974473786,0.749,0.89,1.68758788331401e-109,"ALDOB"
1.55169712793911e-25,-2.93575869407019,0.118,0.307,3.21216822454675e-21,"GCH1"
7.92054387367629e-117,-2.93439227493619,0.724,0.914,1.63963178728973e-112,"ID2"
8.01045460442362e-39,-2.93375328402239,0.202,0.46,1.65824420766173e-34,"TPM4"
4.46503393509984e-114,-2.93051575199608,0.758,0.911,9.24306674905018e-110,"CFH"
9.51694110264605e-27,-2.92995780196229,0.114,0.307,1.97010197765876e-22,"DUSP6"
9.80287843618668e-20,-2.92969322870642,0.136,0.304,2.029293865075e-15,"CD69"
2.60349704911997e-122,-2.92251239768987,0.839,0.926,5.38949924138325e-118,"HPX"
3.41239031596063e-33,-2.91547217383967,0.243,0.472,7.06398919307009e-29,"MIDN"
3.94435811453232e-69,-2.91348949195303,0.414,0.712,8.16521573289335e-65,"MT-ATP8"
1.53830188428824e-139,-2.91177643916903,0.641,0.923,3.18443873066508e-135,"SARAF"
1.68720829131993e-122,-2.90873446939803,0.8,0.917,3.4926898838614e-118,"CFHR2"
1.41282632585496e-25,-2.90652336313666,0.085,0.261,2.92469177715234e-21,"RASSF3"
7.90853750265574e-21,-2.88874530862748,0.125,0.294,1.63714634842477e-16,"MAFK"
8.02881903933481e-172,-2.87570994431436,0.969,0.997,1.6620458293327e-167,"TMSB4X"
3.4741132795781e-18,-2.86906350185618,0.147,0.304,7.19176190005463e-14,"SORBS3"
7.72078976281814e-20,-2.86820586651028,0.526,0.604,1.59828068880098e-15,"ATF3"
3.53028941644864e-31,-2.86421967150013,0.208,0.439,7.30805212099032e-27,"FXYD5"
4.54178070884769e-67,-2.8609667309553,0.503,0.761,9.4019402453856e-63,"UGT2B15"
3.29934783859411e-22,-2.852622031632,0.11,0.282,6.82997996067367e-18,"VPS37B"
3.57827205394926e-40,-2.83566373250093,0.226,0.491,7.40738097888036e-36,"LTBP3"
5.09899984347088e-30,-2.83440054609039,0.156,0.374,1.05554395759691e-25,"PBLD"
1.64368382240054e-27,-2.83082777660024,0.15,0.356,3.40258988075136e-23,"N4BP2L1"
4.27211041723875e-43,-2.83025999141381,0.211,0.482,8.84369577472595e-39,"PPP2CB"
3.47341493384936e-80,-2.81988910028267,0.8,0.899,7.19031625456157e-76,"FGL1"
6.18985425867587e-26,-2.81505826559387,0.146,0.34,1.28136173008849e-21,"PRRG4"
7.38793378631556e-08,-2.81345635267135,0.187,0.282,0.00152937617310518,"MT1F"
2.17549977537491e-17,-2.80560414362603,0.149,0.307,4.50350208500361e-13,"PTPRC"
6.52961921916763e-76,-2.80349194265794,0.566,0.81,1.35169647455989e-71,"CYBA"
9.49769078921815e-39,-2.78278330275558,0.231,0.485,1.96611697027605e-34,"EPAS1"
1.62607459172198e-25,-2.7770855520554,0.126,0.319,3.36613701232367e-21,"IL1RN"
8.42057180639493e-12,-2.76610352677996,0.237,0.362,1.74314256964182e-07,"GSTP1"
3.47958528956402e-23,-2.76606437564882,0.272,0.479,7.20308950792647e-19,"CYP3A4"
7.92099077440566e-129,-2.76403569467366,1,0.988,1.63972430020971e-124,"APOC3"
6.23395824856847e-24,-2.75331498448318,0.099,0.276,1.29049169703616e-19,"FYN"
6.95326971109345e-39,-2.73905476914671,0.202,0.463,1.43939636289345e-34,"EPSTI1"
2.74383091278819e-30,-2.73858361459235,0.117,0.328,5.68000437256284e-26,"C6"
2.18311085216102e-15,-2.72919929591231,0.208,0.353,4.51925777505852e-11,"MAFF"
5.67291802368251e-14,-2.72135024490495,0.131,0.267,1.17435076008252e-09,"TRBC1"
2.90247118444785e-24,-2.71282563131443,0.419,0.549,6.00840559892549e-20,"NEDD9"
6.77583813929799e-37,-2.69835676038656,0.179,0.433,1.40266625321608e-32,"NSUN6"
3.69613316966244e-20,-2.69651582324461,0.108,0.27,7.65136527451822e-16,"HECA"
8.03098048895704e-114,-2.69486127774263,0.87,0.923,1.662493271019e-109,"CFB"
3.25716494459841e-19,-2.68638656998287,0.11,0.267,6.74265715181316e-15,"IFIT1"
4.10177027017691e-22,-2.68260723922794,0.183,0.365,8.49107463629322e-18,"CSRNP1"
4.39112476125351e-24,-2.68241358124045,0.104,0.282,9.0900673682709e-20,"IFI16"
2.66474374868357e-58,-2.68212862065049,0.62,0.779,5.51628603414986e-54,"IFI6"
6.09780334417795e-18,-2.67957627265991,0.185,0.35,1.26230627027828e-13,"CST7"
2.99358902001076e-158,-2.67509505764827,0.984,0.975,6.19702863032427e-154,"CLU"
4.224236954191e-37,-2.66790468807403,0.181,0.433,8.74459291887079e-33,"SLC10A1"
1.3250404021661e-49,-2.66269187373882,0.436,0.656,2.74296613652405e-45,"PON3"
8.53084729890159e-68,-2.66227108570162,0.52,0.764,1.76597069934562e-63,"CREM"
6.22219239467694e-16,-2.66101875536517,0.129,0.276,1.28805604762207e-11,"GZMK"
3.70272801447416e-20,-2.65920380251928,0.107,0.267,7.66501726276296e-16,"ADGRV1"
4.00495693604529e-83,-2.65697305740523,0.502,0.791,8.29066135330735e-79,"SERPINA4"
1.08645648620762e-103,-2.65557828064669,0.998,0.988,2.2490735720984e-99,"TTR"
9.50292930601924e-16,-2.65218029021115,0.173,0.316,1.96720139563904e-11,"WHSC1L1"
3.17026467087732e-32,-2.65012595976171,0.353,0.552,6.56276489518314e-28,"SPP2"
1.11619792726682e-92,-2.64974790445589,0.616,0.847,2.31064132923504e-88,"AADAC"
2.44832904992661e-15,-2.64969591312136,0.166,0.31,5.06828596625308e-11,"F9"
1.34477704741282e-15,-2.64777945162688,0.165,0.313,2.78382296584928e-11,"TRBC2"
3.33229975488217e-30,-2.64072972517546,0.22,0.439,6.89819372258157e-26,"PER1"
3.79797683166152e-27,-2.63454773883582,0.22,0.423,7.8621918392225e-23,"RDH10"
7.51356579163163e-14,-2.62863813642813,0.129,0.261,1.55538325452566e-09,"PLK3"
1.15820760783062e-20,-2.62400963229795,0.196,0.374,2.39760556897016e-16,"SKIL"
9.21917780750311e-22,-2.61646113784029,0.153,0.334,1.90846199793122e-17,"CLEC2B"
2.10196125534865e-69,-2.61399172901654,0.444,0.727,4.35126999469724e-65,"CD302"
6.97631179621614e-46,-2.60622425833547,0.323,0.592,1.4441663049347e-41,"HABP2"
7.69372220384104e-09,-2.60334614955382,0.165,0.267,0.000159267743341713,"CD7"
3.7274969142995e-16,-2.58980809181906,0.127,0.27,7.71629136229140e-12,"HPS5"
9.16722908924686e-28,-2.58570688365173,0.298,0.494,1.89770809376499e-23,"NFKBIZ"
6.93719735140114e-28,-2.58557327593392,0.139,0.347,1.43606922371355e-23,"SLC6A1"
3.49471919363861e-22,-2.58227125075333,0.136,0.313,7.23441820275129e-18,"ERO1B"
5.74581550946975e-24,-2.58173272404871,0.124,0.31,1.18944126861533e-19,"UBXN8"
5.27524646915025e-22,-2.57317663574735,0.154,0.337,1.09202877157879e-17,"TSPYL2"
6.53449255074689e-12,-2.56721646347731,0.233,0.356,1.35270530293011e-07,"ICAM1"
1.73094024634188e-66,-2.56112806460159,0.601,0.794,3.58321940395232e-62,"HSPH1"
1.56643140906461e-50,-2.55988963894988,0.377,0.641,3.24266965990465e-46,"LEPROTL1"
1.43673779623366e-16,-2.55123538108755,0.126,0.273,2.97419091198330e-12,"SLC17A2"
2.24872860518912e-24,-2.54980086873082,0.374,0.546,4.655093085602e-20,"NNMT"
1.6729520245234e-11,-2.53664379247097,0.188,0.304,3.46317798596588e-07,"OLFM2"
1.37014445346864e-17,-2.52877599083929,0.214,0.374,2.83633603312542e-13,"COTL1"
5.89356548459738e-125,-2.51561864518199,0.899,0.936,1.2200269909665e-120,"CFHR1"
7.01996704180929e-28,-2.51011628134508,0.221,0.439,1.45320337732494e-23,"MS4A6A"
2.80161089533208e-101,-2.50616774407185,0.976,0.942,5.79961471442694e-97,"ORM1"
1.45467361976472e-18,-2.48338487931861,0.112,0.27,3.01131986027495e-14,"GLIPR1"
6.13793195182789e-19,-2.48204231343693,0.143,0.307,1.27061329334789e-14,"ATP6V1B2"
2.81608843233058e-66,-2.48183070216439,0.602,0.813,5.82958466376754e-62,"SAA4"
1.28657369630553e-11,-2.4807547489122,0.157,0.276,2.66333620872207e-07,"MAF"
1.03188294865437e-19,-2.47746383295704,0.274,0.436,2.13610089200941e-15,"TACC1"
3.06650099674476e-13,-2.46910943224642,0.132,0.264,6.34796371336132e-09,"GNE"
1.53823345166428e-13,-2.46747443822439,0.15,0.285,3.18429706829023e-09,"LCP1"
5.48689167027699e-25,-2.46512717220993,0.167,0.368,1.13584144466404e-20,"GPLD1"
5.95563485950679e-12,-2.45247714735906,0.147,0.27,1.2328759722665e-07,"SYNPO"
6.72892514842379e-38,-2.44308668882207,0.32,0.555,1.39295479497521e-33,"LMBRD1"
2.18439758634725e-55,-2.44096681599351,0.72,0.84,4.52192144349745e-51,"TIMP1"
3.38694204347141e-09,-2.43442234653954,0.199,0.298,7.01130872419017e-05,"SLC25A37"
2.43421216357032e-21,-2.43430513085722,0.194,0.374,5.03906259980692e-17,"RND1"
1.3584685474343e-23,-2.43147942646689,0.179,0.371,2.81216574004375e-19,"CNKSR3"
3.62235447872765e-57,-2.42972969197628,0.546,0.739,7.4986360064141e-53,"DHRS7"
1.27570955067289e-10,-2.41960502237466,0.244,0.35,2.64084634084795e-06,"RBM23"
2.61200516729593e-90,-2.41650508281492,0.709,0.862,5.4071118968193e-86,"SERPINF2"
1.14297955538373e-10,-2.41448900496353,0.272,0.374,2.36608197759986e-06,"CNOT6L"
5.63027780501824e-93,-2.41150586681049,0.678,0.859,1.16552380841683e-88,"PHYH"
7.10331708149062e-10,-2.40486079363032,0.147,0.255,1.47045766903937e-05,"PARD6G-AS1"
1.30600765210907e-55,-2.39550281397439,0.528,0.73,2.703566440631e-51,"AGPAT2"
2.78792503375792e-73,-2.39311031834161,0.613,0.822,5.77128361238228e-69,"GADD45B"
7.29402154997962e-22,-2.39180668951983,0.223,0.405,1.50993540106128e-17,"TMEM45A"
8.49608157673615e-23,-2.39070106996988,0.207,0.396,1.75877384720015e-18,"GNAQ"
7.19957169774493e-74,-2.38648317817495,0.688,0.825,1.49038333715018e-69,"CPB2"
1.54249953030695e-37,-2.38209060154423,0.341,0.567,3.19312827768841e-33,"ACADS"
2.01329094473997e-23,-2.37741933786959,0.3,0.485,4.16771358470621e-19,"DUSP2"
1.05924825758532e-34,-2.37667420989867,0.491,0.653,2.19274981802738e-30,"FXYD1"
4.19354715618643e-90,-2.3651172575401,0.676,0.865,8.68106196802153e-86,"HMGCS2"
1.13165206426938e-100,-2.35964780259434,0.796,0.89,2.34263293824403e-96,"ACAT1"
3.71455351596075e-29,-2.35693369631644,0.392,0.583,7.68949723339034e-25,"INSR"
4.87504446341192e-19,-2.35628825615544,0.331,0.472,1.0091829543709e-14,"DNAJB4"
1.60259613330237e-17,-2.35104739404134,0.332,0.469,3.31753425554923e-13,"IER3"
1.28865647460533e-25,-2.34702314071838,0.253,0.451,2.66764776808048e-21,"MAP1LC3A"
8.09202603232034e-17,-2.34106436112929,0.187,0.344,1.67513030895063e-12,"MBNL3"
2.4132456952202e-14,-2.33965785402394,0.301,0.417,4.99565991367534e-10,"SLC20A1"
1.61547517772906e-09,-2.33207312748258,0.176,0.285,3.34419516541693e-05,"ZNF331"
7.96998264847845e-41,-2.32919923083292,0.398,0.632,1.64986610806152e-36,"ARHGDIB"
4.189080054682e-13,-2.30875462320323,0.189,0.319,8.67181462119721e-09,"KISS1"
7.47822197979269e-13,-2.3074380437299,0.139,0.267,1.54806673203688e-08,"MGLL"
6.95643908644066e-25,-2.29453640682288,0.394,0.537,1.44005245528408e-20,"RHOU"
1.20099969059869e-12,-2.28710801875471,0.256,0.377,2.48618945950835e-08,"ZC3HAV1"
3.44857302298829e-14,-2.28647707187399,0.206,0.344,7.13889101488807e-10,"ARHGAP5"
7.33540925135905e-57,-2.28114790260712,0.568,0.745,1.51850306912384e-52,"CREG1"
2.7872773953356e-29,-2.27434160212902,0.287,0.5,5.76994293608423e-25,"GOLGA7"
9.05442402033273e-28,-2.26980068719558,0.357,0.555,1.87435631644908e-23,"ISG20"
5.27639545355608e-09,-2.26632488529588,0.153,0.255,0.000109226662284064,"ATP2B4"
1.62906178655399e-21,-2.25878558922258,0.381,0.531,3.37232080434542e-17,"SERPINH1"
9.48965719568869e-19,-2.25221643670326,0.214,0.38,1.96445393607952e-14,"PDCD4"
2.49765524756029e-12,-2.25171602936557,0.257,0.38,5.17039612797455e-08,"SERTAD1"
1.42120041035199e-15,-2.24450854070359,0.239,0.383,2.94202696946965e-11,"GK"
1.08253915655326e-21,-2.23312521616991,0.319,0.475,2.24096430798091e-17,"F11R"
1.96427642378669e-35,-2.22573552586078,0.389,0.592,4.06624862488082e-31,"ACO1"
3.70668967328648e-61,-2.22084154034746,0.656,0.81,7.67321829267034e-57,"CD14"
1.38516828804506e-44,-2.21657750501244,0.59,0.736,2.86743687308208e-40,"SDC4"
7.49583597358181e-15,-2.21528245375324,0.217,0.359,1.55171300489117e-10,"CPT1A"
6.62277882786078e-55,-2.21255094212237,0.523,0.733,1.37098144515546e-50,"SERINC2"
1.30019220614481e-26,-2.20247310959152,0.837,0.828,2.69152788594036e-22,"MT1E"
4.95267881998089e-17,-2.19632792743728,0.238,0.39,1.02525404252424e-12,"MBL2"
5.27358904009671e-21,-2.19507489245734,0.342,0.488,1.09168566719042e-16,"APOL6"
1.63418877190668e-72,-2.19476972188607,0.706,0.837,3.38293417672402e-68,"HSD17B6"
4.0322061513784e-54,-2.19302057404817,0.534,0.739,8.34706995396843e-50,"CDHR5"
7.4359727485025e-91,-2.19285355908433,0.798,0.877,1.5393207186675e-86,"PGRMC1"
1.73932944214308e-12,-2.189226732171,0.166,0.294,3.6005858781804e-08,"FBXO25"
3.67730069471999e-38,-2.18265064313266,0.728,0.798,7.61238016813985e-34,"TAT"
1.97524711188014e-12,-2.17630176513681,0.143,0.27,4.08895904630308e-08,"PDE3B"
7.68804454158263e-16,-2.17298360636747,0.271,0.405,1.59150210055302e-11,"KLF11"
5.36136219975718e-11,-2.17070408506143,0.189,0.307,1.10985558897173e-06,"FNIP2"
4.03638163610045e-124,-2.17033400039757,0.938,0.929,8.35571362489154e-120,"APOC2"
1.15234760007412e-89,-2.16416681932082,0.806,0.887,2.38547476691344e-85,"CYP2D6"
2.96144860684469e-29,-2.16047297606097,0.325,0.546,6.13049476102918e-25,"ID1"
4.54259621850737e-35,-2.16028999692261,0.501,0.644,9.4036284319321e-31,"CLDN1"
9.98271228068308e-14,-2.15821038293541,0.29,0.42,2.0665212692242e-09,"RP11-138A9.2"
7.65138861535577e-09,-2.15762636075023,0.197,0.298,0.00015839139572648,"INTS6"
8.92421495819892e-10,-2.15736406434454,0.283,0.383,1.84740173849676e-05,"IER5"
1.40481047052254e-14,-2.15241075218939,0.246,0.383,2.9080981550287e-10,"AES"
4.99007159410182e-97,-2.15097813092724,0.784,0.883,1.03299472069502e-92,"C8G"
3.97155032619426e-10,-2.15062598802288,0.227,0.334,8.22150633025473e-06,"AQP3"
9.91144237662635e-21,-2.14921257834298,0.339,0.494,2.05176768638542e-16,"DCAF11"
1.15420140720642e-28,-2.13374635352638,0.466,0.626,2.38931233305802e-24,"VIM"
5.2973913862273e-84,-2.13086340246668,0.836,0.896,1.09661299086291e-79,"TM4SF4"
2.87856269841623e-40,-2.12971662695646,0.441,0.644,5.95891264199143e-36,"SMPDL3A"
3.29638669350405e-18,-2.12899304321878,0.323,0.463,6.82385009422273e-14,"SLC39A14"
1.35372940735868e-08,-2.12276677989572,0.191,0.288,0.000280235524617321,"SSFA2"
1.84817533063541e-10,-2.11589521262235,0.159,0.273,3.82590775194835e-06,"TXNDC5"
6.36981492903237e-13,-2.11456228787818,0.209,0.34,1.31861538845899e-08,"ALDH8A1"
8.74630679886588e-26,-2.11279138726454,0.367,0.546,1.81057297043323e-21,"IGFBP7"
2.71185642357629e-09,-2.10298053666052,0.171,0.276,5.61381398244527e-05,"TRIOBP"
8.68848848738134e-08,-2.10072163553942,0.162,0.255,0.00179860400177281,"LRP5"
1.16032566193804e-43,-2.0945814357306,0.475,0.678,2.40199015277794e-39,"YPEL5"
3.08925318994864e-124,-2.09088466089403,0.863,0.926,6.39506302851268e-120,"GAMT"
2.39904989764805e-16,-2.08912500879865,0.277,0.417,4.96627319312123e-12,"C16orf72"
3.156486983579e-09,-2.08856995692838,0.15,0.255,6.53424370470688e-05,"TPP2"
1.9958013368939e-24,-2.08771508931888,0.31,0.497,4.13150834750407e-20,"MAT2A"
1.99402720647213e-15,-2.08585205934308,0.302,0.436,4.12783572011796e-11,"FOSL2"
1.11555578532019e-68,-2.08368774875197,0.618,0.794,2.30931203119132e-64,"ECHDC2"
4.9718567459856e-13,-2.08314432782524,0.303,0.411,1.02922406498648e-08,"ABCB4"
7.06207154729482e-17,-2.0755581967731,0.285,0.433,1.4619194310055e-12,"BHLHE40"
3.83074983793484e-14,-2.07537858746583,0.172,0.316,7.93003523950891e-10,"LST1"
3.12781293989381e-07,-2.07247784057577,0.178,0.264,0.00647488556687417,"NEK7"
6.40957677517108e-35,-2.07059783592009,0.385,0.613,1.32684648822817e-30,"EIF5AL1"
3.46196674185889e-11,-2.06978144013532,0.264,0.374,7.16661735232208e-07,"HYOU1"
5.51359823084528e-15,-2.06806171041802,0.258,0.393,1.14136996976728e-10,"OPN3"
1.83418675727697e-45,-2.06436373865778,0.481,0.681,3.79695000623906e-41,"SERINC1"
1.30062208334791e-89,-2.05914070581114,0.918,0.917,2.6924177747385e-85,"ORM2"
1.01484600001589e-24,-2.04849566966743,0.402,0.552,2.1008327046329e-20,"GPT2"
4.02810249131443e-16,-2.04846754301439,0.239,0.387,8.33857496727001e-12,"SLC30A10"
8.92359467149675e-08,-2.04599010416769,0.233,0.319,0.00184727333294654,"VEZT"
4.56291444260766e-25,-2.03818391621344,0.344,0.515,9.44568918764212e-21,"SMIM19"
9.19841071446096e-27,-2.03669855158764,0.624,0.684,1.90416300200056e-22,"ZFAND2A"
1.02735551865191e-12,-2.03656107641589,0.333,0.439,2.12672865916132e-08,"PPP2R5C"
1.63181958872648e-10,-2.03531768614805,0.149,0.267,3.37802973062268e-06,"PLP2"
2.53998356771614e-57,-2.03153045886136,0.998,0.991,5.25801998352918e-53,"MT2A"
5.38758598327435e-14,-2.02783716306215,0.293,0.414,1.11528417439762e-09,"DEXI"
1.63867709075476e-95,-2.02116402161298,0.81,0.899,3.39222544557144e-91,"AC090498.1"
7.03637887753061e-18,-2.019551511347,0.226,0.393,1.45660079143761e-13,"SLC13A5"
4.24085480490318e-12,-2.01452981068544,0.276,0.393,8.77899353163007e-08,"TMPRSS6"
7.22578578158058e-09,-2.01301822894247,0.321,0.408,0.0001495809914645,"CDC42SE1"
1.08610288177082e-31,-2.00712299459036,0.487,0.647,2.24834157555378e-27,"CTSS"
3.92886578341523e-08,-2.00249183087025,0.181,0.276,0.000813314505824786,"FOXA3"
1.92772758018986e-60,-2.00102606976251,0.79,0.865,3.99058886375102e-56,"PCK1"
1.03370106563941e-11,-2.00015283291739,0.148,0.27,2.13986457598014e-07,"ERLIN2"
6.5452774333521e-18,-1.99588055316569,0.443,0.549,1.35493788147822e-13,"B4GALT1"
5.94164770253745e-51,-1.99480065805197,0.61,0.755,1.22998049090228e-46,"MPC1"
2.59079897375592e-09,-1.98729223309416,0.183,0.288,5.36321295557214e-05,"CD82"
1.12129312700284e-44,-1.98196371484219,0.6,0.776,2.32118890220858e-40,"ZFP36L2"
4.53962067587438e-14,-1.97865687821919,0.232,0.371,9.39746876112756e-10,"CHIC2"
4.36221212524159e-31,-1.97358723068847,0.663,0.721,9.03021532046261e-27,"IER2"
2.93741152449777e-12,-1.97171065567052,0.469,0.534,6.08073559686283e-08,"S100A11"
4.30920736714527e-13,-1.96820603740766,0.394,0.479,8.92049017072742e-09,"NTAN1"
1.64701722953837e-06,-1.96387838706009,0.208,0.288,0.0340949036686738,"C1RL"
3.9776319079029e-95,-1.96133119387519,0.978,0.939,8.2340958125498e-91,"GC"
1.48430428595688e-85,-1.95505619211021,0.799,0.874,3.07265830235934e-81,"ITIH2"
3.99287226947116e-29,-1.95470595727014,0.408,0.58,8.26564488503225e-25,"SLC37A4"
7.63333665967368e-18,-1.95309365314221,0.281,0.433,1.58017702191905e-13,"ACMSD"
6.33593537163357e-28,-1.94904698327188,0.498,0.62,1.31160198128187e-23,"DHRS1"
1.59597951336464e-15,-1.94670753902453,0.394,0.509,3.30383719061613e-11,"SGK1"
2.28251985832608e-56,-1.94285347311553,0.655,0.798,4.72504435872081e-52,"METTL7A"
2.7471308790881e-18,-1.94109379480851,0.345,0.479,5.68683563280028e-14,"CCDC25"
1.66754989011591e-06,-1.94020062779525,0.221,0.298,0.0345199502752895,"ELF1"
6.70856221434701e-18,-1.93719443800486,0.367,0.506,1.38873946399197e-13,"THOP1"
2.00967327927074e-07,-1.93565415187765,0.194,0.279,0.00416022465541837,"TAB2"
3.82047127712533e-130,-1.93282020099913,0.992,0.966,7.90875759077714e-126,"VTN"
1.12130912783002e-14,-1.93007781836788,0.3,0.433,2.32122202552092e-10,"DCTN6"
2.39756379855503e-15,-1.92975254325043,0.383,0.497,4.96319681938877e-11,"FAM133B"
3.14109320256656e-08,-1.92946591664793,0.193,0.288,0.000650237703863304,"MANEA"
1.77673268516671e-18,-1.92468356350759,0.486,0.567,3.6780143315636e-14,"CITED2"
3.17927882628119e-08,-1.92395484862169,0.183,0.279,0.000658142509828469,"SERTAD2"
2.21385503909722e-38,-1.92314945889347,0.572,0.712,4.58290131643515e-34,"COL18A1"
4.39565154023137e-15,-1.9197295132622,0.372,0.475,9.09943825343297e-11,"SEC23A"
2.52987809337882e-08,-1.91805344038767,0.168,0.267,0.00052371006411035,"FNDC3A"
1.00351351296497e-37,-1.91130943422251,0.595,0.709,2.07737332318878e-33,"ACADVL"
3.01763557943188e-76,-1.91000467798886,0.744,0.853,6.24680741298193e-72,"C2"
2.42364382459674e-43,-1.90484738368553,0.548,0.709,5.01718508129772e-39,"CD46"
2.74473463688419e-12,-1.8968289321596,0.241,0.365,5.68187517181395e-08,"STAT2"
7.49389690564011e-35,-1.89559216189962,0.545,0.693,1.55131159843656e-30,"CCL4"
6.38728419166197e-25,-1.89445216332301,0.493,0.61,1.32223170051595e-20,"APP"
6.74984848539284e-43,-1.8937728466525,0.563,0.718,1.39728613496117e-38,"PVRL2"
1.89347489710017e-07,-1.89043399290852,0.218,0.307,0.00391968238448707,"PPARGC1A"
2.14740537149802e-123,-1.88976481569843,0.995,1,4.44534385953806e-119,"HLA-B"
7.37888360560914e-87,-1.8846261039995,0.831,0.902,1.52750269519715e-82,"AZGP1"
5.24697373539488e-18,-1.88333846953206,0.316,0.463,1.08617603296409e-13,"ATP5EP2"
1.16091423470671e-06,-1.88167070841626,0.302,0.362,0.0240320855726636,"BAZ1A"
5.50862594420516e-14,-1.88125173139721,0.446,0.528,1.14034065670991e-09,"IFRD1"
1.29098866501021e-06,-1.88040000422502,0.211,0.288,0.0267247563543764,"SLC39A9"
4.09374282965034e-11,-1.87961822564251,0.319,0.414,8.47445703165917e-07,"VAMP2"
1.15822532930865e-07,-1.87160794896335,0.184,0.276,0.00239764225420183,"MMP15"
4.73451047210754e-07,-1.86965045243164,0.165,0.252,0.00980091012830981,"PRKAG2"
1.77865742387277e-10,-1.86955367740713,0.229,0.337,3.68199873315902e-06,"ODF3B"
1.03190717192702e-68,-1.86312885185726,0.695,0.834,2.13615103660613e-64,"TFR2"
1.06557277810448e-31,-1.86309966613372,0.521,0.66,2.20584220795408e-27,"DNAJB9"
1.9543868313611e-08,-1.8617169620345,0.263,0.353,0.000404577617960061,"PCM1"
1.82763166278908e-06,-1.85340256864261,0.181,0.261,0.0378338030513967,"SLC41A2"
2.31918434395922e-07,-1.84853946493388,0.215,0.301,0.00480094351042998,"SEC24A"
3.83871863070711e-10,-1.84268364524923,0.164,0.279,7.94653143742678e-06,"UQCRHL"
5.49216347670078e-07,-1.84107543826272,0.21,0.294,0.0113693276131183,"STAT6"
6.14691070330706e-09,-1.84028935157499,0.247,0.344,0.00012724719846916,"TMEM263"
3.47782017620285e-11,-1.83544643961929,0.297,0.399,7.19943554675753e-07,"NT5E"
3.97583573655829e-09,-1.83038402921911,0.225,0.325,8.23037755824932e-05,"GFPT1"
2.35038619189074e-46,-1.83015646321873,0.795,0.834,4.86553445583301e-42,"PDIA4"
4.92499921962388e-21,-1.82852449639736,0.522,0.623,1.01952408845434e-16,"CLK1"
5.54722842176958e-11,-1.82719447669639,0.292,0.399,1.14833175559052e-06,"PLSCR1"
3.26848707117275e-62,-1.82459380847755,0.714,0.828,6.76609508603472e-58,"SERPINA6"
2.44767822609164e-26,-1.82386826015802,0.48,0.613,5.0669386958323e-22,"LONP2"
3.47652918684279e-101,-1.82239090105146,0.83,0.92,7.19676306968326e-97,"MT-ND4L"
1.29981768063756e-07,-1.81865737810968,0.373,0.429,0.00269075258068781,"RP11-138A9.1"
1.01206640889055e-25,-1.81712789747389,0.448,0.601,2.09507867304432e-21,"ASAH1"
4.99492703182521e-07,-1.81679609816905,0.308,0.377,0.0103399984485814,"ARRDC2"
3.65769478597088e-13,-1.81439385026492,0.248,0.38,7.57179397643832e-09,"PPP2R1B"
1.33824341064947e-45,-1.81262852078568,0.629,0.742,2.77029768438546e-41,"TMED10"
1.75077872155765e-13,-1.80974313597654,0.237,0.371,3.62428703149648e-09,"MSRA"
1.06702159901455e-21,-1.80906167032244,0.463,0.592,2.20884141212002e-17,"EZR"
2.34047652085002e-33,-1.79716265847674,0.683,0.77,4.84502044581163e-29,"ATP1B1"
2.24679168779205e-58,-1.79702904408967,0.712,0.85,4.65108347289833e-54,"MCL1"
2.48850516175461e-100,-1.79552315974617,0.896,0.911,5.15145453534822e-96,"F2"
1.61544360610518e-34,-1.79431695266242,0.531,0.669,3.34412980899834e-30,"CFL2"
8.59501083639915e-41,-1.78964217923654,0.602,0.715,1.77925319324299e-36,"SAT2"
7.60014743911281e-08,-1.78240186171802,0.231,0.316,0.00157330652137074,"FEM1C"
2.99729030894081e-61,-1.77640986308276,1,0.997,6.20469066853837e-57,"APOA1"
2.89494153298494e-15,-1.77573032459143,0.331,0.463,5.99281846743213e-11,"ITIH4"
6.2606334008193e-10,-1.76833550019461,0.253,0.356,1.2960137203036e-05,"COBLL1"
6.64686953720303e-09,-1.76391951684528,0.269,0.359,0.00013759684628964,"MTUS1"
5.53425451946627e-08,-1.76298494047748,0.22,0.31,0.00114564602807471,"MAGIX"
5.82556122017241e-09,-1.76175591715955,0.381,0.442,0.000120594942818789,"GNAS"
7.68630754066134e-09,-1.76165246376491,0.368,0.439,0.00015911425239923,"CD52"
3.03977804033072e-18,-1.76054814618621,0.363,0.503,6.29264452128862e-14,"PSAT1"
1.90065622157341e-09,-1.75995161929142,0.347,0.42,3.93454844427912e-05,"NFIB"
4.21415511697101e-106,-1.75953368585601,0.912,0.945,8.72372250764168e-102,"CTSD"
3.12345363449388e-62,-1.75473950426588,0.734,0.813,6.46586136876578e-58,"C4BPB"
1.4876128224477e-18,-1.75231601995624,0.404,0.525,3.07950730374898e-14,"NDRG2"
7.53730612850481e-21,-1.75128532530366,0.441,0.558,1.56029774166178e-16,"ENTPD5"
9.56211386672309e-16,-1.75026716815833,0.417,0.512,1.97945319155035e-11,"RAB6A"
4.21597140296409e-38,-1.74970623934998,0.809,0.837,8.72748240127597e-34,"HERPUD1"
2.12621997515796e-20,-1.74874643277882,0.431,0.549,4.40148797057448e-16,"DDAH1"
6.49346242114597e-47,-1.7479055484156,0.876,0.905,1.34421165580143e-42,"JUN"
7.91977736475357e-15,-1.74724654354286,0.388,0.494,1.63947311227764e-10,"ARL4A"
2.04611346411875e-15,-1.74490054246064,0.388,0.494,4.23565948207222e-11,"MUT"
1.12377738444886e-11,-1.74364330273861,0.45,0.506,2.32633156354758e-07,"IRS2"
7.13550334600807e-20,-1.73670069557718,0.391,0.521,1.47712054765713e-15,"SMCO4"
4.95553822130044e-18,-1.73616790775605,0.465,0.561,1.0258459671914e-13,"CLDN7"
9.01461347010461e-23,-1.73393464040028,0.593,0.656,1.86611513444635e-18,"TOR1AIP2"
3.28494256823701e-14,-1.72906812661815,0.392,0.494,6.80015961050744e-10,"TSHZ2"
8.51764705512299e-09,-1.72875134529671,0.532,0.583,0.000176323811688101,"HSPA6"
9.64202313191892e-34,-1.71852268796629,0.632,0.706,1.99599520853854e-29,"SMIM14"
4.05001903465092e-07,-1.71703257386577,0.315,0.371,0.00838394440363087,"NNT"
4.12633709661384e-84,-1.71665693089786,0.949,0.96,8.54193042370031e-80,"ITM2B"
3.49360932719832e-10,-1.70968210000962,0.276,0.374,7.23212066823325e-06,"CRY2"
8.38016617677121e-08,-1.70710411107138,0.251,0.337,0.00173477820025341,"C1orf53"
2.6974239194764e-12,-1.70355823469168,0.392,0.472,5.5839372557081e-08,"AMDHD1"
8.34385985083913e-11,-1.70135934383312,0.304,0.402,1.72726242772221e-06,"GALNT2"
1.16236907440832e-16,-1.70068250925692,0.452,0.543,2.40622022093267e-12,"ZNF281"
2.23325588709673e-08,-1.69379721731235,0.308,0.387,0.000462306301187894,"RAB21"
1.65445084894207e-21,-1.69289700484952,0.613,0.675,3.42487870239499e-17,"DNAJB6"
4.03506291507084e-55,-1.68731228316627,0.723,0.816,8.35298374048815e-51,"TMEM123"
1.18427451958093e-07,-1.6819010511322,0.305,0.383,0.00245156668298448,"ADGRG6"
4.521884391011e-10,-1.68082118583446,0.262,0.371,9.36075287783187e-06,"PPP2R2A"
1.65939165445124e-15,-1.67995835663818,0.389,0.5,3.4351066638795e-11,"GPT"
2.45806995189858e-22,-1.66907403994369,0.494,0.595,5.08845060742524e-18,"TM9SF2"
1.2676648525518e-07,-1.66839721952626,0.304,0.374,0.00262419301126748,"APOL1"
6.16469930978699e-09,-1.66834574231764,0.355,0.423,0.0001276154404119,"SEL1L"
1.28542462287733e-06,-1.66468192265727,0.217,0.298,0.0266095751181836,"RAP2C"
1.09390139517169e-91,-1.65649586933729,0.958,0.969,2.26448527814492e-87,"HLA-C"
1.96404848504808e-38,-1.64114086702045,0.788,0.825,4.06577676889803e-34,"HSPA1B"
2.67027430460095e-41,-1.64073034245764,0.656,0.748,5.52773483795442e-37,"HADHB"
1.1600523390451e-10,-1.63733446468869,0.368,0.454,2.40142434705726e-06,"MST1"
6.00346925828974e-15,-1.63504305906543,0.362,0.488,1.24277817115856e-10,"CFHR5"
4.11206835543619e-48,-1.63221732827923,0.815,0.88,8.51239270258846e-44,"NFKBIA"
6.43799748436484e-12,-1.6318691134375,0.29,0.405,1.33272985923837e-07,"RNF103"
2.57957141292065e-13,-1.62954075219149,0.479,0.546,5.33997078188704e-09,"HLA-F"
1.30462338053023e-12,-1.62788497553169,0.333,0.442,2.70070086003564e-08,"PPM1A"
8.30631202040443e-22,-1.62548375970224,0.478,0.595,1.71948965134392e-17,"NFIA"
3.07410869762103e-47,-1.61843475618051,0.727,0.782,6.3637124149453e-43,"UGP2"
1.90435523292033e-06,-1.60801427247064,0.342,0.387,0.0394220576766837,"MKNK2"
6.49648530915749e-52,-1.60240803084812,0.778,0.844,1.34483742384869e-47,"HRG"
6.44888132451534e-09,-1.59946066226088,0.337,0.408,0.000133498292298792,"SLC29A1"
4.52092991851449e-19,-1.5948801504637,0.452,0.561,9.35877702431684e-15,"GUSB"
1.06962396626952e-08,-1.59373571519518,0.344,0.414,0.000221422857257454,"RMND5A"
3.45075603005268e-59,-1.59186020219328,0.792,0.862,7.14341005781206e-55,"LAMP2"
3.73456369049911e-15,-1.59183880596262,0.421,0.528,7.73092029570221e-11,"TSPYL1"
5.36386056451785e-33,-1.58513052961954,0.704,0.776,1.11037277546084e-28,"TYMP"
7.5069964691203e-11,-1.58135647317417,0.404,0.482,1.55402333907259e-06,"GABARAPL1"
9.15431462784365e-10,-1.58055541733637,0.317,0.405,1.89503467110991e-05,"PTPRK"
7.78955441225194e-69,-1.57991386315375,0.845,0.923,1.61251565888028e-64,"BTG1"
1.59339887752979e-06,-1.57223595240852,0.357,0.405,0.0329849501637442,"TANK"
1.9505239795923e-11,-1.5721576425702,0.36,0.451,4.03777969015402e-07,"F7"
1.32008676359766e-06,-1.57121576407059,0.352,0.42,0.0273271160932351,"ID3"
4.12895088460645e-20,-1.5663530556988,0.487,0.583,8.54734122622381e-16,"GGCX"
2.01284658605925e-25,-1.56430299474215,0.641,0.696,4.16679371780124e-21,"ASL"
5.86807512013265e-17,-1.55456618216236,0.544,0.613,1.21475023061866e-12,"RBP5"
3.15508525071399e-22,-1.55105210170713,0.544,0.632,6.53134197750303e-18,"SLC38A3"
9.01314923471626e-26,-1.54798727497379,0.54,0.647,1.86581202307861e-21,"EIF4EBP2"
4.49961580478477e-54,-1.54193496264855,0.702,0.81,9.31465467748495e-50,"HPN"
8.0459341171184e-12,-1.52954753297794,0.414,0.491,1.66558882158468e-07,"MARC2"
2.96531598670518e-81,-1.52924129238889,0.844,0.887,6.13850062407838e-77,"ASGR1"
6.27739586898825e-27,-1.52447023902292,0.645,0.687,1.29948371883926e-22,"KHK"
1.53770383681625e-07,-1.52281983950175,0.341,0.405,0.00318320071259333,"ELOVL2"
3.31292445671628e-29,-1.5217017379416,0.696,0.755,6.85808491784837e-25,"FAM177A1"
8.05309400805067e-09,-1.51755416400039,0.303,0.39,0.000166707099060657,"HECTD1"
5.58832278878979e-21,-1.51505975989271,0.608,0.666,1.15683870050738e-16,"CCNL1"
6.58575903545364e-64,-1.51469809382114,0.87,0.871,1.36331797792926e-59,"MASP2"
3.61239375312301e-37,-1.51388059796196,0.681,0.804,7.47801630833994e-33,"TSC22D3"
5.10971999236098e-16,-1.51030539411272,0.512,0.592,1.05776313561865e-11,"SLC40A1"
5.1383047919429e-08,-1.50164399091878,0.301,0.38,0.0010636804749801,"IGF2R"
9.20119838471088e-60,-1.48522994634516,0.812,0.85,1.904740077619e-55,"GABARAP"
2.32400209461774e-07,-1.47739749682205,0.374,0.423,0.00481091673606818,"TMBIM1"
2.44093953403257e-12,-1.47287055546643,0.386,0.482,5.05298892940082e-08,"C11orf54"
5.55984240385389e-09,-1.47050453195605,0.65,0.62,0.000115094297602179,"ANXA4"
2.12281815228633e-18,-1.46776618506087,0.556,0.617,4.39444585704794e-14,"TMEM56"
1.10717468284645e-10,-1.46498385165062,0.417,0.5,2.29196231096043e-06,"TRA2A"
1.66435513289916e-16,-1.46329208501171,0.57,0.617,3.44538156061456e-12,"H1F0"
7.0324666507388e-08,-1.45969900628229,0.356,0.417,0.00145579092136944,"PPP1R15B"
2.45326913022432e-10,-1.45884396058117,0.567,0.589,5.07851242647737e-06,"PPP1R15A"
5.59478998206156e-20,-1.4494212757952,0.789,0.837,1.15817747418656e-15,"KLF6"
1.79273539573373e-12,-1.44561031354321,0.379,0.479,3.71114154270839e-08,"ABCD3"
9.13474629925669e-13,-1.44062837190376,0.597,0.607,1.89098383140913e-08,"GOT1"
2.92465814605498e-12,-1.44047146890629,0.498,0.561,6.05433482814841e-08,"UGT2B10"
7.45243768745004e-09,-1.4298953630211,0.421,0.466,0.000154272912567903,"CDH2"
2.9290575729126e-55,-1.4260174089123,0.799,0.837,6.06344208168637e-51,"FCGRT"
9.86663609022217e-27,-1.42425960886797,0.681,0.733,2.04249233703689e-22,"UGT2B7"
3.27784532598406e-70,-1.42395088437075,1,0.957,6.78546760931961e-66,"PRAP1"
1.08073569683514e-15,-1.4222645021209,0.659,0.675,2.23723096601842e-11,"A2M"
1.33983858556257e-29,-1.41529565624487,0.773,0.816,2.77359985597308e-25,"APOA5"
3.26833235973808e-68,-1.41348628350258,0.958,0.942,6.76577481789381e-64,"RHOB"
7.86118959760204e-58,-1.41209027722679,0.833,0.887,1.6273448585996e-53,"HLA-E"
2.94171803556693e-07,-1.40246647409944,0.328,0.393,0.0060896505054271,"CEACAM1"
2.85279690709514e-14,-1.39998466379293,0.564,0.623,5.90557487737764e-10,"TNFAIP3"
7.41571655107202e-11,-1.3835576778723,0.453,0.515,1.53512748323742e-06,"FOXO3"
9.23441838540541e-77,-1.37984958728957,0.927,0.972,1.91161694996277e-72,"SAT1"
2.08236406614321e-24,-1.37719449559817,0.667,0.69,4.31070185332306e-20,"FDX1"
2.92221856712169e-07,-1.37508837048875,0.346,0.408,0.00604928465579861,"VEGFA"
1.48971328562599e-07,-1.37390653263434,0.397,0.445,0.00308385547257437,"KMT2E"
4.9781848806641e-39,-1.37382212502093,0.721,0.767,1.03053405214628e-34,"CD164"
1.89093060660612e-07,-1.36784092498127,0.57,0.555,0.00391441544873534,"ATF7IP2"
7.98577197131227e-108,-1.36764876208777,0.997,0.951,1.65313465578135e-103,"RARRES2"
2.50308185109645e-41,-1.36665675371454,0.758,0.844,5.18162973995476e-37,"PNRC1"
3.40282103351435e-07,-1.36029797784325,0.391,0.433,0.00704417982147805,"PDXDC1"
8.43769272060691e-33,-1.35990058125889,0.667,0.733,1.74668677009284e-28,"DAZAP2"
7.15805337009511e-08,-1.35929233870676,0.463,0.506,0.00148178862814339,"SRSF6"
5.09599052110823e-07,-1.34940541234323,0.348,0.405,0.0105492099777462,"IMMP2L"
3.07793399026274e-07,-1.34940223393766,0.319,0.396,0.00637163115324289,"TEX30"
1.96787576745777e-107,-1.34694006274561,1,0.975,4.07369962621432e-103,"AMBP"
1.32701217288308e-06,-1.3468280834803,0.382,0.42,0.0274704789908525,"EPHX2"
2.70184040677211e-08,-1.34383443870204,0.476,0.512,0.000559307982605895,"STAT1"
8.46727251281642e-12,-1.34369331227074,0.517,0.564,1.75281008287813e-07,"KLF10"
3.18464012110195e-14,-1.34191204336158,0.483,0.561,6.59252351469315e-10,"AAMDC"
3.58113731774604e-12,-1.34031381430835,0.513,0.552,7.41331236146607e-08,"BPHL"
7.23426039587269e-07,-1.33987326248049,0.412,0.457,0.0149756424454961,"PRCP"
1.9496853474911e-12,-1.33982913339344,0.773,0.782,4.03604363784133e-08,"INSIG1"
6.00720314258061e-09,-1.33840922650795,0.349,0.429,0.000124355112254561,"F13B"
4.5298598342919e-11,-1.33352172651835,0.454,0.518,9.37726284296765e-07,"RNF11"
3.51697182039818e-09,-1.33199481927852,0.494,0.528,7.28048336540627e-05,"CFI"
2.93971640868266e-23,-1.33078224255677,0.692,0.721,6.08550693761397e-19,"TAPBP"
6.29226470606014e-60,-1.32579511265051,0.975,0.969,1.30256171680151e-55,"HSPA1A"
9.20520604640359e-30,-1.32478362195358,0.67,0.73,1.90556970366601e-25,"CERS2"
7.56615116191163e-24,-1.32096267636488,0.679,0.733,1.56626895202733e-19,"ARF6"
1.8499348259803e-08,-1.31942363341503,0.438,0.479,0.000382955008326181,"FAM3C"
2.13529167570122e-06,-1.31616820125953,0.432,0.454,0.0442026729786909,"EGLN1"
8.88476933271386e-09,-1.31140358795519,0.433,0.491,0.00018392360995651,"MLLT4"
1.57235413756806e-20,-1.30679924909635,0.756,0.748,3.25493030017964e-16,"PPDPF"
2.49183539021592e-44,-1.30566972406999,0.76,0.85,5.15834844128597e-40,"EEF1G"
5.29055904089487e-07,-1.30549871075255,0.432,0.463,0.0109519862705565,"HYI"
4.42641999522842e-26,-1.30532578082078,0.902,0.883,9.16313203212234e-22,"HSPA5"
2.26479237844751e-06,-1.30512502938526,0.463,0.466,0.0468834670262419,"CAMK2N1"
1.48892225294227e-83,-1.29644861437188,0.916,0.954,3.08221795581579e-79,"OAZ1"
6.83358091058072e-07,-1.29463832159129,0.405,0.445,0.0141461958429931,"PTOV1"
5.5559058530363e-09,-1.28548648113423,0.502,0.518,0.000115012807063705,"NTHL1"
5.86284214489497e-23,-1.28286363656062,0.586,0.702,1.21366695241471e-18,"EIF5A"
1.98073347635643e-11,-1.2779622985787,0.535,0.577,4.10031636940544e-07,"C8A"
7.09560708559105e-43,-1.27437777435191,0.795,0.831,1.4688616227882e-38,"BSG"
5.81058442183655e-48,-1.26386469552266,0.941,0.929,1.20284908116438e-43,"DNAJB1"
1.44481257300423e-07,-1.26058251551964,0.451,0.488,0.00299090650737605,"PNPLA2"
2.16020330658041e-22,-1.25726133764374,0.653,0.709,4.47183686495211e-18,"SBDS"
2.39734849495435e-14,-1.25028908361102,0.573,0.61,4.962751119405e-10,"UGT3A1"
3.08823822889679e-20,-1.24962621196713,0.691,0.693,6.39296195763925e-16,"C8B"
2.62772543052317e-31,-1.24399410788342,0.85,0.822,5.43965441372601e-27,"HRSP12"
1.26211977094147e-06,-1.24267906182046,0.471,0.494,0.0261271413782593,"LYRM5"
2.86125724686101e-37,-1.24021815312317,0.739,0.794,5.92308862672698e-33,"PROC"
2.96608159564653e-08,-1.23532751905018,0.473,0.512,0.000614008551114788,"DGAT2"
3.78142061698634e-20,-1.23211969245606,0.671,0.678,7.82791881922342e-16,"ESPN"
8.61673506404288e-07,-1.2259824265064,0.399,0.448,0.0178375032560752,"LHPP"
2.03161000558863e-09,-1.22451846868497,0.603,0.583,4.20563587256902e-05,"CMTM6"
8.35135545396863e-14,-1.2232906215127,0.544,0.586,1.72881409252605e-09,"MYO1B"
1.43127294649608e-16,-1.2173876383936,0.67,0.672,2.96287812654153e-12,"LSR"
1.09548843604612e-14,-1.21725044254399,0.679,0.699,2.26777061145906e-10,"CTSL"
1.25621121569903e-19,-1.2101117859027,0.67,0.69,2.60048283761856e-15,"HAAO"
5.38370116477602e-29,-1.20983872216251,0.773,0.776,1.11447997812028e-24,"CMPK1"
5.99159929620801e-62,-1.20553902585546,0.932,0.942,1.24032097030802e-57,"MT-ND5"
1.62706988529763e-29,-1.20465216374713,0.724,0.776,3.36819736955461e-25,"C18orf32"
1.17597804266545e-06,-1.20271269957703,0.465,0.469,0.0243439214612174,"PTEN"
1.24457528674991e-42,-1.20039178191579,0.843,0.902,2.576395301101e-38,"JUND"
1.13062543256133e-06,-1.18554919250942,0.444,0.472,0.0234050770794521,"LYPLAL1"
2.2139538189944e-38,-1.18274445208819,0.899,0.939,4.58310580070032e-34,"DUSP1"
1.72526242717695e-32,-1.18167608495904,0.764,0.804,3.57146575049899e-28,"TFPI"
1.11331587729627e-14,-1.18161133945142,0.625,0.635,2.304675197591e-10,"ACADM"
4.28268182113586e-71,-1.18005593033355,1,0.997,8.86557963793335e-67,"MT-CO1"
7.0765290664266e-10,-1.17821225636033,0.529,0.564,1.46491228204097e-05,"TAF7"
1.6323131883791e-15,-1.17363964602061,0.557,0.607,3.37905153126357e-11,"MAOB"
1.14059215164358e-37,-1.17348585443833,0.807,0.819,2.36113981311736e-33,"VAMP5"
8.48988566930585e-08,-1.17160693023167,0.531,0.534,0.001757491232403,"BAG3"
1.11547727327391e-06,-1.17054670166427,0.432,0.457,0.0230914950340431,"YPEL3"
6.37350060088583e-26,-1.16634202335371,0.732,0.752,1.31937835938938e-21,"POLD4"
8.07992485543655e-10,-1.16583914493686,0.524,0.552,1.67262524432392e-05,"TMEM106B"
9.71407733311291e-25,-1.1632044890089,0.686,0.712,2.0109111487277e-20,"MRPL23"
2.47303173561772e-67,-1.1549619164518,0.919,0.948,5.11942299590224e-63,"NBEAL1"
2.71990604646691e-12,-1.15414338600309,0.687,0.681,5.63047750679116e-08,"FTCD"
2.01323073671907e-07,-1.15049308222772,0.62,0.586,0.00416758894808214,"CDK2AP2"
2.86124053026353e-10,-1.14316244580009,0.635,0.65,5.92305402169853e-06,"PPP1CB"
3.77266092704873e-10,-1.13557026782906,0.559,0.577,7.80978538508357e-06,"GTF2I"
7.40778692613724e-15,-1.13306209185419,0.672,0.653,1.53348597157967e-10,"HIGD1A"
9.40656116397063e-55,-1.13173915072143,0.923,0.893,1.94725222655356e-50,"PTMS"
5.92629324394628e-07,-1.13035891906713,0.543,0.546,0.0122680196442932,"MYH9"
2.63661277614298e-31,-1.12935876304735,0.708,0.785,5.45805210789358e-27,"APLP2"
2.97832514691021e-37,-1.12282985576577,0.997,0.975,6.16543088661883e-33,"IL32"
6.83821645520645e-10,-1.12193680853624,0.537,0.567,1.41557918839229e-05,"TGOLN2"
5.29840568030653e-13,-1.12011776576558,0.568,0.617,1.09682295988026e-08,"PROX1"
1.55663128198358e-10,-1.11764163358138,0.544,0.564,3.22238241683422e-06,"ARF5"
2.1980424720517e-06,-1.10240299023815,0.451,0.482,0.0455016772139422,"CEP57"
4.25901700556419e-78,-1.10187290518619,0.938,0.942,8.81659110321843e-74,"TMBIM6"
1.3593378136209e-40,-1.09980283252764,0.811,0.837,2.81396520797663e-36,"LAMP1"
3.85005923768914e-07,-1.0981610225193,0.579,0.571,0.0079700076279403,"TM7SF2"
8.76761762327131e-33,-1.09575663488098,0.796,0.837,1.81498452419339e-28,"CYP3A5"
1.67489452220079e-15,-1.0954957619632,0.656,0.681,3.46719915040786e-11,"FKBP5"
5.79394007386429e-09,-1.09416554024181,0.558,0.574,0.000119940353469065,"AHNAK"
4.74445676112198e-07,-1.09269529139047,0.526,0.534,0.00982149994119861,"TNFSF10"
4.78600784121197e-95,-1.09195320738363,0.991,0.997,9.90751483209289e-91,"TPT1"
7.36601169322871e-34,-1.08743928592188,0.838,0.84,1.52483808061527e-29,"F12"
1.18849832020047e-14,-1.08435516541565,0.616,0.656,2.460310372647e-10,"HAO1"
8.16912465797551e-14,-1.08144089938198,0.635,0.663,1.69109049544751e-09,"ATP1A1"
1.02052805800319e-06,-1.07962421669045,0.52,0.518,0.0211259513287241,"RNF149"
9.56405260645568e-59,-1.06262266983318,0.938,0.954,1.97985453006239e-54,"PFN1"
6.53159999278713e-10,-1.06040340111551,0.775,0.699,1.35210651450686e-05,"FAM213A"
8.75267830440382e-55,-1.05917398378902,0.925,0.923,1.81189193579463e-50,"NDUFB1"
2.502881306617e-11,-1.05883511438827,0.598,0.617,5.18121459282785e-07,"SCARB2"
5.46229029807217e-10,-1.0483144717886,0.686,0.653,1.13074871460392e-05,"RGN"
2.38729778782106e-57,-1.04020053054274,0.963,0.926,4.94194515056838e-53,"AGT"
8.55128426501686e-36,-1.03890769038148,0.907,0.914,1.77020135570114e-31,"HSP90B1"
1.39277211376657e-06,-1.03629380205412,0.577,0.555,0.0288317755270817,"GOLPH3"
4.79672682234446e-48,-1.02774179914664,0.964,0.948,9.92970419493526e-44,"SERPING1"
6.22028430491484e-10,-1.02220258620408,0.617,0.623,1.28766105396042e-05,"BRD2"
8.89569754434904e-29,-1.01941735646939,0.801,0.788,1.8414983486557e-24,"CARHSP1"
4.64320474365516e-07,-1.0160907173422,0.538,0.531,0.00961189813984055,"MCFD2"
4.7909729380842e-08,-1.00382912112126,0.597,0.583,0.000991779307912811,"CYB5R3"
9.40728625632882e-18,-0.998158697100367,0.859,0.816,1.94740232792263e-13,"IFITM2"
4.76495112029385e-08,-0.995087220259637,0.575,0.561,0.000986392531412029,"ERP44"
3.60943894963157e-18,-0.991997742372592,0.744,0.742,7.47189956963232e-14,"CD151"
2.3955791139885e-06,-0.988386555363815,0.559,0.537,0.049590883238676,"UAP1"
1.41792845277636e-08,-0.976602105579039,0.633,0.623,0.000293525369009234,"RAP1A"
5.85495312148185e-57,-0.972653733766575,0.999,0.991,1.21203384567796e-52,"HLA-A"
1.43067402844248e-25,-0.968640635252853,0.789,0.791,2.96163830627878e-21,"APOC4-APOC2"
1.2759167085445e-17,-0.968403599557749,0.689,0.724,2.64127517835796e-13,"ITGB1"
2.32720297765902e-17,-0.967520307476944,0.775,0.758,4.81754288405194e-13,"ACAA2"
3.6721913905578e-69,-0.964187979472823,1,0.988,7.6018033975937e-65,"IFITM3"
2.31398926227582e-08,-0.960843572550331,0.609,0.62,0.000479018917183717,"ALDH6A1"
2.15493051337364e-16,-0.959299149650154,0.685,0.706,4.46092165573477e-12,"BRI3"
5.90555771504536e-08,-0.958499851465731,0.658,0.635,0.00122250950259154,"TRA2B"
1.29621965924701e-24,-0.955805265430504,0.86,0.837,2.68330431660724e-20,"CD59"
3.56958529225622e-09,-0.947285394509642,0.694,0.653,7.3893985134996e-05,"FGGY"
1.66047440591466e-16,-0.947247498964723,0.692,0.736,3.43734806768395e-12,"CTSZ"
2.57664202728659e-21,-0.945639851162305,0.753,0.767,5.33390666068597e-17,"EIF4G2"
1.13285619699354e-49,-0.941013402989776,0.998,0.972,2.34512561339634e-45,"SEPP1"
1.48830628176015e-07,-0.940498470216967,0.784,0.693,0.0030809428338717,"SDF2L1"
5.63285926675962e-09,-0.938585511780406,0.662,0.632,0.000116605819681191,"TTC39C"
8.30508563732511e-64,-0.93193113839655,0.992,0.982,1.71923577778267e-59,"UBB"
7.76304917126776e-33,-0.911851194040884,0.861,0.844,1.60702880894414e-28,"CTSB"
3.85887631641102e-41,-0.903846033101906,0.875,0.887,7.98825986260245e-37,"NDUFA3"
1.42503672206307e-10,-0.896537965946619,0.713,0.709,2.94996851834276e-06,"SRSF5"
4.99583501139837e-49,-0.894708704687336,1,0.997,1.03418780570958e-44,"MT-ATP6"
1.99580667511266e-13,-0.891728145379908,0.678,0.684,4.13151939815071e-09,"HEBP2"
2.75377360083269e-28,-0.885624341824911,0.839,0.825,5.70058673108375e-24,"TMEM205"
4.81335606614196e-34,-0.885065013063327,0.994,0.966,9.96412839252046e-30,"HSP90AA1"
6.44991403769103e-34,-0.883602390833521,0.911,0.896,1.33519670494242e-29,"PLG"
1.33544136372366e-08,-0.874243940634972,0.738,0.699,0.000276449716704436,"H2AFJ"
5.42471453960545e-22,-0.87391256805362,0.839,0.828,1.12297015684373e-17,"VAMP8"
1.14893758037658e-11,-0.867734974622099,0.73,0.69,2.37841568513756e-07,"YWHAE"
3.47925695593679e-83,-0.867424755640201,1,1,7.20240982448474e-79,"B2M"
1.47591508491852e-17,-0.866208807239929,0.769,0.77,3.05529181728983e-13,"PCBP1"
1.98304110369974e-06,-0.865146869155546,0.571,0.558,0.0410509338876883,"HDGF"
2.6760709813615e-21,-0.85287486797092,1,0.991,5.53973453851645e-17,"SERPINA1"
2.83679210563272e-35,-0.850071316748249,0.896,0.89,5.8724433378703e-31,"FKBP2"
3.3501213056661e-23,-0.841815908071887,0.926,0.902,6.93508611485939e-19,"MYL12A"
1.99285926745403e-22,-0.837642750038854,0.898,0.834,4.12541796955658e-18,"KDELR2"
8.12122599715793e-11,-0.833584522114327,0.6,0.641,1.68117499367166e-06,"TP53INP1"
8.32136030338309e-20,-0.831496831347613,0.855,0.84,1.72260479640333e-15,"RTN4"
2.73323813418504e-11,-0.826005746732454,0.72,0.758,5.65807626157645e-07,"ZFP36L1"
2.29731601690355e-46,-0.798146354520869,0.996,0.991,4.75567388659204e-42,"MT-ND3"
9.57202083285864e-23,-0.797944431015962,0.913,0.883,1.98150403261007e-18,"ITIH1"
1.68844428789729e-24,-0.794704723470342,0.864,0.865,3.49524852037619e-20,"NUCKS1"
3.28091158933043e-15,-0.788490955575199,0.855,0.801,6.79181508107292e-11,"SULT2A1"
6.48092271754214e-18,-0.785767428939788,0.864,0.804,1.3416158117584e-13,"PET100"
1.27831999665091e-08,-0.785159712607704,0.898,0.853,0.000264625022506706,"ERRFI1"
1.20658273524231e-08,-0.782848443017358,0.759,0.702,0.000249774692022511,"TXNDC17"
2.06690742443869e-24,-0.772252140044724,0.866,0.871,4.27870505933053e-20,"ARL6IP1"
1.19074056428214e-07,-0.756224622437449,0.702,0.678,0.00246495204212046,"STAU1"
5.47375907385017e-10,-0.754753899167937,0.693,0.672,1.13312286587772e-05,"SDHD"
9.78063221242796e-09,-0.753935718429858,0.966,0.877,0.000202468867429471,"SERPINC1"
1.7934563302868e-11,-0.748631534396179,0.777,0.761,3.71263394932671e-07,"HNRNPU"
1.74674828290104e-14,-0.745134644408728,0.823,0.782,3.61594362043343e-10,"REEP6"
7.67025431859528e-34,-0.740212782174527,0.915,0.896,1.58781934649241e-29,"PSME1"
1.42595521992524e-40,-0.737492936492766,1,1,2.95186990076725e-36,"MT-CO3"
1.54188053199835e-19,-0.736781895602139,0.906,0.85,3.19184688928979e-15,"DNAJA1"
6.48220923948512e-07,-0.733783788408656,0.644,0.626,0.0134188213466582,"TPP1"
4.76152115155472e-13,-0.724848191446533,0.81,0.782,9.85682493583343e-09,"UBE2B"
1.8699688389167e-06,-0.71896994239227,0.677,0.629,0.0387102249344146,"NME4"
9.18117587570828e-25,-0.716137074040678,0.866,0.844,1.90059521803037e-20,"SRP9"
9.7487944951782e-34,-0.714264188064893,0.962,0.951,2.01809794844684e-29,"CALM2"
6.62776684271584e-19,-0.706854276447709,0.974,0.917,1.37201401411061e-14,"CALR"
1.12975125139812e-09,-0.701663647145728,0.719,0.702,2.33869806551925e-05,"MSRB2"
2.11923617940706e-12,-0.699560758648123,0.725,0.709,4.38703081499055e-08,"A1CF"
8.36353444840209e-13,-0.686446033546097,0.833,0.807,1.73133526616372e-08,"GLTSCR2"
1.66945953371644e-07,-0.674273670453928,0.716,0.699,0.0034559481807464,"TMBIM4"
6.00737971756208e-11,-0.673791542374421,0.816,0.791,1.24358767533253e-06,"CALM1"
3.74042182464359e-51,-0.672119547054472,0.992,0.972,7.7430472191947e-47,"H3F3A"
2.28795551265746e-21,-0.670939560530898,0.93,0.871,4.73629670675222e-17,"PTP4A1"
2.21313749218113e-19,-0.655015588200243,0.842,0.816,4.58141592256415e-15,"WDR83OS"
1.89109275035104e-08,-0.645425505179025,0.786,0.73,0.000391475110250168,"BZW1"
5.00838067589207e-25,-0.638122159472107,0.947,0.88,1.03678488371642e-20,"DYNLL1"
4.81445594707231e-11,-0.629666684455704,0.868,0.804,9.96640525603439e-07,"RNF181"
1.58352859063876e-07,-0.628529025594862,0.926,0.874,0.00327806253548131,"C1S"
4.60702265767031e-08,-0.62662164072546,0.736,0.699,0.000953699760364331,"RAB1A"
3.7015148297136e-48,-0.62200344682077,0.995,0.966,7.66250584899013e-44,"MYL6"
9.86958696133422e-20,-0.60539820190274,0.945,0.899,2.0431031968658e-15,"TMEM59"
9.87825219167526e-22,-0.588054884619776,0.914,0.89,2.0448969861987e-17,"ATP5D"
6.42540001158827e-23,-0.582801615070918,1,0.997,1.33012205639889e-18,"RPS29"
1.89428821722153e-13,-0.578988645835954,0.892,0.837,3.92136603847029e-09,"BLOC1S1"
1.16141090283392e-15,-0.577363816460535,0.851,0.816,2.4042367099565e-11,"NENF"
2.20849098059081e-25,-0.54897894275684,0.998,0.991,4.57179717892104e-21,"MT-ND2"
1.16405713245301e-11,-0.543801866383364,0.925,0.883,2.40971466989097e-07,"PSAP"
9.7566082576489e-19,-0.529561079496103,0.93,0.902,2.0197154754159e-14,"GUK1"
6.44932172295725e-07,-0.52019523269536,0.853,0.794,0.0133507408986938,"SERPIND1"
1.76144518815387e-17,-0.509986787438704,0.956,0.929,3.64636768399733e-13,"RPL36AL"
1.8312386023631e-12,-0.507198110815611,0.824,0.816,3.79084703075186e-08,"CP"
7.44037979883286e-21,-0.503184800117876,0.991,0.945,1.54023302215639e-16,"KNG1"
3.3492762319112e-15,-0.502375852070261,0.933,0.883,6.93333672767938e-11,"SCP2"
1.2445422124791e-20,-0.502123374173772,0.98,0.936,2.57632683405298e-16,"TMEM176B"
1.01271593550647e-07,-0.501298065495498,0.846,0.776,0.00209642325809195,"ARF1"
